,City,Lat,Lng,Temp,Humidity,Cloudiness,Wind,Country,Date
0,san roque,36.2107,-5.3842,59.0,67,75,13.8,ES,1612551867
1,bengkulu,-3.8004,102.2655,76.48,85,72,4.85,ID,1612551690
2,kozhva,65.1073,57.0459,-8.05,91,99,8.21,RU,1612551867
3,rikitea,-23.1203,-134.9692,78.8,69,0,10.65,PF,1612551794
4,saint-philippe,-21.3585,55.7679,80.6,65,0,5.75,RE,1612551683
5,juneau,58.3019,-134.4197,19.0,86,75,3.44,US,1612551868
6,khatanga,71.9667,102.5,-31.54,79,13,7.99,RU,1612551679
7,provideniya,64.3833,-173.3,6.6,90,100,17.74,RU,1612551868
8,barrow,71.2906,-156.7887,-14.8,76,75,8.05,US,1612551617
9,port alfred,-33.5906,26.891,69.01,94,100,4.0,ZA,1612551630
10,plyussa,58.4308,29.3654,2.52,94,49,5.64,RU,1612551868
11,ushuaia,-54.8,-68.3,50.0,62,75,27.63,AR,1612551790
12,kapaa,22.0752,-159.319,66.2,68,75,4.61,US,1612551868
13,santa maria,-29.6842,-53.8069,75.2,53,75,6.91,BR,1612551716
14,natal,-5.795,-35.2094,86.0,51,0,14.97,BR,1612551868
15,chokurdakh,70.6333,147.9167,-13.09,88,100,13.51,RU,1612551869
16,bluff,-46.6,168.3333,53.19,86,8,4.54,NZ,1612551869
17,hobart,-42.8794,147.3294,64.99,94,90,5.75,AU,1612551620
18,thompson,55.7435,-97.8558,-14.8,70,75,14.97,CA,1612551610
19,punta arenas,-53.15,-70.9167,59.0,38,0,28.77,CL,1612551869
20,madras,13.0878,80.2785,71.6,78,0,10.16,IN,1612551869
21,port elizabeth,-33.918,25.5701,69.8,88,40,13.8,ZA,1612551680
22,hermanus,-34.4187,19.2345,71.01,80,5,3.0,ZA,1612551795
23,albany,42.6001,-73.9662,42.01,57,74,7.11,US,1612551645
24,dunedin,-45.8742,170.5036,55.0,73,99,20.0,NZ,1612551629
25,dikson,73.5069,80.5464,-33.23,84,3,10.29,RU,1612551812
26,the valley,18.217,-63.0578,82.4,69,20,16.11,AI,1612551870
27,atuona,-9.8,-139.0333,79.47,80,14,18.05,PF,1612551637
28,mataura,-46.1927,168.8643,50.41,89,6,1.59,NZ,1612551801
29,nikolskoye,59.7035,30.7861,10.99,78,75,11.18,RU,1612551870
30,adrar,20.5022,-10.0711,71.53,23,26,8.95,MR,1612551870
31,tazovskiy,67.4667,78.7,-37.28,82,7,1.5,RU,1612551870
32,puerto ayora,-0.7393,-90.3518,86.0,66,75,16.11,EC,1612551632
33,lander,42.833,-108.7307,33.8,37,75,3.44,US,1612551871
34,tasiilaq,65.6145,-37.6368,21.2,63,75,5.75,GL,1612551625
35,yellowknife,62.456,-114.3525,-31.0,67,1,9.22,CA,1612551682
36,hilo,19.7297,-155.09,70.0,60,75,4.61,US,1612551871
37,maniitsoq,65.4167,-52.9,14.18,73,81,6.02,GL,1612551871
38,oda,35.1833,132.5,45.52,76,100,13.69,JP,1612551863
39,georgetown,5.4112,100.3354,82.4,83,20,4.45,MY,1612551871
40,chuy,-33.6971,-53.4616,70.48,63,31,13.47,UY,1612551819
41,alofi,-19.0595,-169.9187,75.2,94,100,10.36,NU,1612551621
42,esperance,-33.8667,121.9,57.2,100,75,6.91,AU,1612551871
43,port hardy,50.6996,-127.4199,42.8,87,75,6.91,CA,1612551621
44,avarua,-21.2078,-159.775,82.4,74,93,5.75,CK,1612551872
45,sept-iles,50.2001,-66.3821,36.0,93,100,8.05,CA,1612551722
46,bredasdorp,-34.5322,20.0403,69.8,78,30,6.91,ZA,1612551872
47,sribne,50.6638,32.9187,11.86,96,0,7.31,UA,1612551872
48,east london,-33.0153,27.9116,69.8,100,75,9.22,ZA,1612551872
49,keffi,8.8486,7.8736,91.4,25,0,3.44,NG,1612551873
50,qaanaaq,77.484,-69.3632,-9.67,74,100,7.09,GL,1612551873
51,katherine,-14.4667,132.2667,73.4,100,40,5.75,AU,1612551674
52,bossangoa,6.4926,17.4552,81.66,19,0,4.83,CF,1612551873
53,diego de almagro,-26.3667,-70.05,85.78,16,0,14.47,CL,1612551873
54,verkhoyansk,67.5447,133.385,-32.91,80,100,1.95,RU,1612551694
55,upernavik,72.7868,-56.1549,4.14,74,100,3.36,GL,1612551873
56,kanniyakumari,8.0833,77.5667,76.84,79,0,18.37,IN,1612551873
57,evans,33.5337,-82.1307,59.0,76,90,8.05,US,1612551645
58,nhamunda,-2.1861,-56.7131,94.86,40,3,4.97,BR,1612551874
59,vaini,-21.2,-175.2,77.0,100,40,1.14,TO,1612551874
60,saint-joseph,-21.3667,55.6167,80.6,65,0,5.75,RE,1612551737
61,ponta do sol,32.6667,-17.1,52.0,67,28,7.0,PT,1612551631
62,hasaki,35.7333,140.8333,37.4,87,75,5.75,JP,1612551727
63,victoria point,-27.5833,153.3,73.0,80,51,1.01,AU,1612551662
64,mildura,-34.2,142.15,64.4,59,0,11.5,AU,1612551874
65,woodward,36.4337,-99.3904,53.01,34,1,7.67,US,1612551874
66,vila,42.0304,-8.1588,46.99,93,100,5.64,PT,1612551874
67,lawton,34.6087,-98.3903,55.4,24,1,10.36,US,1612551874
68,cape town,-33.9258,18.4232,71.01,78,0,19.57,ZA,1612551767
69,urengoy,65.9667,78.3667,-26.48,85,100,2.3,RU,1612551875
70,seybaplaya,19.65,-90.6667,84.2,51,1,11.5,MX,1612551875
71,edd,13.9297,41.6925,77.7,49,12,6.49,ER,1612551875
72,bosaso,11.2842,49.1816,73.63,74,5,4.21,SO,1612551875
73,vila velha,-20.3297,-40.2925,89.01,70,20,17.27,BR,1612551607
74,jalu,29.0331,21.5482,57.58,53,0,4.43,LY,1612551875
75,torbay,47.6666,-52.7314,42.01,87,75,17.27,CA,1612551875
76,rapid valley,44.0625,-103.1463,27.0,74,90,12.68,US,1612551876
77,tiksi,71.6872,128.8694,-19.75,88,100,13.35,RU,1612551841
78,fortuna,40.5982,-124.1573,51.01,93,90,5.14,US,1612551876
79,inhambane,-23.865,35.3833,77.0,88,75,5.75,MZ,1612551822
80,eagle pass,28.7091,-100.4995,66.2,52,1,5.75,US,1612551876
81,waingapu,-9.6567,120.2641,78.04,83,100,9.37,ID,1612551876
82,matagami,49.7502,-77.6328,26.6,80,90,13.8,CA,1612551750
83,pisco,-13.7,-76.2167,75.2,69,0,11.5,PE,1612551876
84,ialibu,-6.2821,143.9935,55.9,90,100,2.37,PG,1612551876
85,horadiz,39.4488,47.3353,55.4,58,90,9.22,AZ,1612551877
86,dicabisagan,17.0818,122.4157,73.35,85,66,6.22,PH,1612551877
87,saint-francois,46.4154,3.9054,48.0,87,0,3.44,FR,1612551877
88,plettenberg bay,-34.0527,23.3716,69.21,90,2,3.38,ZA,1612551797
89,lasa,46.6166,10.7002,39.0,86,0,2.91,IT,1612551877
90,najran,17.4924,44.1277,73.4,21,0,6.91,SA,1612551877
91,mayo,38.8876,-76.5119,55.99,62,1,10.36,US,1612551877
92,constitucion,-35.3333,-72.4167,65.17,68,60,6.24,CL,1612551877
93,vangaindrano,-23.35,47.6,79.25,83,100,7.05,MG,1612551877
94,yulara,-25.2406,130.9889,68.0,32,11,9.22,AU,1612551675
95,dengzhou,37.8086,120.7508,41.61,64,0,12.59,CN,1612551878
96,busselton,-33.65,115.3333,59.0,75,100,1.01,AU,1612551789
97,yar-sale,66.8333,70.8333,-22.83,87,100,7.16,RU,1612551834
98,cherskiy,68.75,161.3,-15.18,77,0,3.76,RU,1612551629
99,castro,-24.7911,-50.0119,75.56,53,0,6.42,BR,1612551878
100,ylojarvi,61.5563,23.5961,5.0,78,0,3.44,FI,1612551878
101,pafos,34.7667,32.4167,53.6,82,0,3.44,CY,1612551878
102,omboue,-1.5746,9.2618,79.36,88,100,7.2,GA,1612551807
103,lebu,-37.6167,-73.65,66.27,67,9,13.82,CL,1612551878
104,husavik,66.0449,-17.3389,24.8,68,40,4.61,IS,1612551843
105,bambous virieux,-20.3428,57.7575,80.6,78,40,9.22,MU,1612551879
106,saskylakh,71.9167,114.0833,-25.8,85,95,7.29,RU,1612551848
107,victoria,22.2855,114.1577,64.99,76,0,5.14,HK,1612551816
108,ballina,-28.8667,153.5667,69.8,94,40,4.61,AU,1612551879
109,new norfolk,-42.7826,147.0587,64.99,92,100,3.44,AU,1612551625
110,jamestown,42.097,-79.2353,28.99,63,75,19.57,US,1612551810
111,kashi,39.4547,75.9797,32.0,55,0,11.18,CN,1612551879
112,svetlogorsk,52.6333,29.7333,13.84,96,36,9.51,BY,1612551879
113,buala,-8.145,159.5921,80.24,78,20,10.16,SB,1612551861
114,saint anthony,45.0205,-93.218,10.99,61,75,20.71,US,1612551726
115,ilulissat,69.2167,-51.1,8.6,40,1,16.11,GL,1612551880
116,carnarvon,-24.8667,113.6333,80.6,79,90,23.02,AU,1612551880
117,opuwo,-18.0607,13.84,81.93,34,100,7.7,NA,1612551880
118,rio gallegos,-51.6226,-69.2181,64.4,25,40,26.46,AR,1612551880
119,tottori,35.5,134.2333,42.87,67,100,7.83,JP,1612551880
120,krasnik,50.9236,22.2271,27.0,86,0,2.3,PL,1612551880
121,kaniama,-7.5667,24.1833,69.28,89,75,0.6,CD,1612551880
122,obo,5.3998,26.4869,79.39,20,0,7.25,CF,1612551880
123,cape canaveral,28.4058,-80.6048,78.8,38,1,16.11,US,1612551786
124,pozo colorado,-23.4923,-58.7972,86.92,35,0,7.96,PY,1612551881
125,nove zamky,47.9854,18.1619,45.0,90,100,8.14,SK,1612551881
126,san patricio,28.017,-97.5169,62.6,55,90,13.8,US,1612551807
127,muros,42.7762,-9.0603,54.0,73,100,1.99,ES,1612551881
128,dakar,14.6937,-17.4441,66.2,77,0,19.57,SN,1612551881
129,fuerte olimpo,-21.0415,-57.8738,88.18,38,83,7.72,PY,1612551881
130,altay,47.8667,88.1167,17.44,85,100,3.06,CN,1612551881
131,luderitz,-26.6481,15.1594,73.81,50,0,25.97,NA,1612551882
132,that phanom,16.9364,104.7104,61.27,85,0,5.93,TH,1612551882
133,kailua,21.4022,-157.7394,69.8,64,20,7.65,US,1612551882
134,dingle,10.9995,122.6711,74.71,89,4,6.98,PH,1612551882
135,saldanha,-33.0117,17.9442,68.0,73,0,16.11,ZA,1612551832
136,lavrentiya,65.5833,-171.0,2.07,92,100,17.34,RU,1612551684
137,takoradi,4.8845,-1.7554,80.71,85,0,10.16,GH,1612551850
138,callaway,30.153,-85.5699,66.99,77,75,10.36,US,1612551882
139,terney,45.0503,136.6092,15.21,90,87,5.73,RU,1612551882
140,vestmannaeyjar,63.4427,-20.2734,35.6,87,20,24.16,IS,1612551694
141,ancud,-41.8697,-73.8203,84.2,30,0,9.22,CL,1612551875
142,mbuguni,-3.5667,36.95,82.4,39,40,5.75,TZ,1612551883
143,lodwar,3.1191,35.5973,84.24,38,0,5.75,KE,1612551883
144,kodiak,57.79,-152.4072,24.8,80,40,3.44,US,1612551648
145,port lincoln,-34.7333,135.8667,63.05,78,84,20.47,AU,1612551844
146,clyde river,70.4692,-68.5914,-18.4,76,75,11.5,CA,1612551696
147,kieta,-6.2167,155.6333,79.92,79,10,5.77,PG,1612551883
148,makakilo city,21.3469,-158.0858,69.8,64,40,8.5,US,1612551883
149,paamiut,61.994,-49.6678,21.07,78,0,9.71,GL,1612551668
150,airai,-8.9266,125.4092,61.5,100,100,3.0,TL,1612551808
151,tigil,57.8,158.6667,-7.83,88,68,3.15,RU,1612551884
152,tuktoyaktuk,69.4541,-133.0374,-27.4,68,75,10.36,CA,1612551884
153,burns lake,54.2331,-125.7533,24.8,93,100,4.61,CA,1612551605
154,palmer,42.1584,-72.3287,39.99,81,90,9.22,US,1612551884
155,atar,20.5169,-13.0499,67.86,37,100,7.27,MR,1612551635
156,acarau,-2.8856,-40.12,84.69,58,7,17.11,BR,1612551730
157,mahebourg,-20.4081,57.7,80.6,78,40,9.22,MU,1612551706
158,bathsheba,13.2167,-59.5167,82.4,61,40,21.85,BB,1612551884
159,vytegra,61.0064,36.4481,5.68,92,100,11.27,RU,1612551885
160,bara,10.3744,10.7288,80.58,19,0,11.45,NG,1612551885
161,moose factory,51.2585,-80.6094,30.2,55,20,10.36,CA,1612551885
162,yarada,17.65,83.2667,66.2,77,0,2.3,IN,1612551885
163,kutum,14.2,24.6667,55.67,36,0,11.79,SD,1612551885
164,taoudenni,22.6783,-3.9836,82.22,13,65,9.13,ML,1612551885
165,henties bay,-22.116,14.2845,64.99,89,80,3.0,NA,1612551885
166,bay-khaak,51.1667,94.5,7.21,90,86,0.96,RU,1612551886
167,sedro-woolley,48.5039,-122.2361,48.2,76,75,9.22,US,1612551886
168,balakhninskiy,58.0106,114.2769,-4.4,87,100,1.95,RU,1612551886
169,lagoa,39.05,-27.9833,57.06,82,92,16.44,PT,1612551676
170,khash,28.2211,61.2158,46.0,42,0,1.36,IR,1612551886
171,riyadh,24.6877,46.7219,73.4,14,20,10.36,SA,1612551596
172,alekseyevsk,57.8406,108.3492,-0.83,91,95,4.25,RU,1612551886
173,shahrud,36.4182,54.9763,45.68,56,100,2.19,IR,1612551886
174,aljezur,37.3191,-8.8033,52.0,100,70,1.01,PT,1612551887
175,hofn,64.2539,-15.2082,33.8,80,90,4.61,IS,1612551646
176,marawi,7.9986,124.2928,73.0,92,92,5.01,PH,1612551887
177,harper,4.375,-7.7169,79.9,86,0,6.55,LR,1612551887
178,sur,22.5667,59.5289,64.58,67,0,3.4,OM,1612551748
179,sao filipe,14.8961,-24.4956,71.38,73,3,17.81,CV,1612551887
180,carmelo,-33.9892,-58.2856,79.0,50,0,10.36,UY,1612551887
181,cayenne,4.9333,-52.3333,80.6,83,90,10.36,GF,1612551831
182,faanui,-16.4833,-151.75,81.18,66,9,6.24,PF,1612551862
183,pangnirtung,66.1451,-65.7125,10.4,79,90,9.22,CA,1612551887
184,metro,-5.1131,105.3067,74.12,94,100,7.02,ID,1612551888
185,skjervoy,70.0311,20.9714,32.0,80,75,23.02,NO,1612551888
186,juegang,32.3174,121.1855,40.5,95,0,5.12,CN,1612551888
187,labuhan,-6.8844,112.2051,78.15,86,91,12.21,ID,1612551888
188,iqaluit,63.7506,-68.5145,21.2,79,75,23.02,CA,1612551888
189,cidreira,-30.1811,-50.2056,73.42,64,7,18.59,BR,1612551797
190,aquin,18.2833,-73.4,81.18,67,3,7.11,HT,1612551888
191,pacific grove,36.6177,-121.9166,59.0,54,1,4.61,US,1612551888
192,port hedland,-20.3167,118.5667,77.0,88,40,4.61,AU,1612551854
193,nueva italia de ruiz,19.0167,-102.1,75.2,50,1,11.5,MX,1612551888
194,sao caetano de odivelas,-0.75,-48.02,85.35,65,69,11.65,BR,1612551889
195,balakovo,52.0278,47.8007,23.72,96,97,12.03,RU,1612551889
196,luanda,-8.8368,13.2343,82.4,69,0,9.22,AO,1612551858
197,binzhou,37.3667,118.0167,43.5,52,0,10.0,CN,1612551889
198,cabo san lucas,22.8909,-109.9124,84.0,31,20,4.61,MX,1612551889
199,vientiane,17.9667,102.6,67.73,66,0,5.26,LA,1612551618
200,margate,51.3813,1.3862,46.99,84,0,1.01,GB,1612551651
201,champerico,14.3,-91.9167,86.0,62,40,9.22,GT,1612551626
202,vila franca do campo,37.7167,-25.4333,57.2,67,20,10.36,PT,1612551878
203,riverton,40.5219,-111.9391,36.0,93,90,13.8,US,1612551889
204,kanker,20.2719,81.4931,61.61,29,0,4.5,IN,1612551890
205,sao joao del rei,-21.1356,-44.2617,75.2,69,75,9.22,BR,1612551890
206,maragogi,-9.0122,-35.2225,82.78,64,23,13.49,BR,1612551890
207,sfantu gheorghe,45.8667,25.7833,46.0,83,100,2.24,RO,1612551890
208,phan thiet,10.9333,108.1,71.29,82,2,6.91,VN,1612551890
209,coalinga,36.1397,-120.3602,55.99,55,0,3.24,US,1612551611
210,puerto palomas,31.7667,-107.6167,59.0,25,1,10.36,MX,1612551890
211,skibbereen,51.55,-9.2667,39.2,87,75,11.5,IE,1612551890
212,saint george,37.1041,-113.5841,51.01,33,1,3.38,US,1612551674
213,port macquarie,-31.4333,152.9167,64.99,99,29,10.92,AU,1612551890
214,brae,60.3964,-1.353,33.8,55,90,21.85,GB,1612551891
215,tarnogskiy gorodok,60.4997,43.5761,1.27,92,100,9.48,RU,1612551891
216,taylor,32.3001,-99.8337,57.2,23,1,4.61,US,1612551891
217,saint-augustin,51.226,-58.6502,32.77,96,100,16.78,CA,1612551851
218,vale da amoreira,39.0697,-7.6985,50.0,86,100,1.01,PT,1612551891
219,hornepayne,49.2138,-84.7705,30.24,98,100,2.68,CA,1612551891
220,flinders,-34.5833,150.8552,73.0,85,100,1.99,AU,1612551892
221,aswan,24.0934,32.907,63.68,41,0,14.41,EG,1612551606
222,abu samrah,35.3029,37.1841,51.19,82,0,4.29,SY,1612551891
223,krasnoselkup,65.7,82.4667,-30.91,85,71,4.54,RU,1612551892
224,waipawa,-41.4122,175.5153,57.99,94,75,10.36,NZ,1612551870
225,broken hill,-31.95,141.4333,64.4,55,0,11.5,AU,1612551634
226,vitim,59.4511,112.5578,-5.44,89,100,3.74,RU,1612551892
227,denpasar,-8.65,115.2167,77.0,94,40,5.75,ID,1612551871
228,graham,47.0529,-122.2943,50.0,81,90,4.61,US,1612551892
229,tomatlan,19.9333,-105.25,86.04,46,0,9.93,MX,1612551892
230,laguna,38.421,-121.4238,57.0,58,1,1.59,US,1612551893
231,butaritari,3.0707,172.7902,80.87,83,98,14.72,KI,1612551863
232,chunoyar,57.4467,97.3217,1.54,92,100,4.05,RU,1612551893
233,arraial do cabo,-22.9661,-42.0278,86.0,74,0,8.05,BR,1612551893
234,acara,-1.9608,-48.1967,92.16,44,67,5.32,BR,1612551893
235,bokhan,53.153,103.7714,-1.86,90,100,1.9,RU,1612551893
236,general roca,-39.0333,-67.5833,98.6,15,0,5.75,AR,1612551893
237,narsaq,60.9167,-46.05,21.2,35,1,2.82,GL,1612551641
238,sao jose da coroa grande,-8.8978,-35.1478,82.71,66,0,13.06,BR,1612551893
239,yekaterinoslavka,50.3734,129.1139,-15.74,89,84,4.83,RU,1612551893
240,ewa beach,21.3156,-158.0072,69.8,64,40,5.84,US,1612551894
241,norman wells,65.282,-126.8329,-27.4,75,75,14.97,CA,1612551620
242,deming,32.2687,-107.7586,59.0,25,1,10.36,US,1612551894
243,along,28.1667,94.7667,51.58,60,2,2.3,IN,1612551835
244,benidorm,38.5382,-0.131,62.01,50,100,14.14,ES,1612551894
245,morgan city,29.6994,-91.2068,52.0,66,90,12.66,US,1612551894
246,russell,32.3502,-85.1999,59.0,38,75,13.8,US,1612551609
247,alta floresta,-9.8756,-56.0861,85.6,69,97,3.85,BR,1612551894
248,qaqortoq,60.7167,-46.0333,21.2,35,1,2.71,GL,1612551894
249,kahului,20.8947,-156.47,69.8,73,20,3.44,US,1612551840
250,pandamatenga,-18.5278,25.627,69.78,92,83,4.07,BW,1612551895
251,vanimo,-2.6741,141.3028,78.01,83,100,5.32,PG,1612551895
252,talnakh,69.4865,88.3972,-26.23,84,93,4.76,RU,1612551895
253,bilma,18.6853,12.9164,67.93,24,0,8.37,NE,1612551895
254,wajima,37.4,136.9,48.85,72,100,24.32,JP,1612551712
255,guiyang,26.5833,106.7167,44.6,100,90,4.47,CN,1612551895
256,mehamn,71.0357,27.8492,32.0,64,75,23.02,NO,1612551678
257,akdepe,42.0551,59.3788,53.6,58,0,11.5,TM,1612551895
258,visby,57.6409,18.296,21.2,73,40,11.5,SE,1612551895
259,kaitangata,-46.2817,169.8464,51.01,87,95,4.0,NZ,1612551822
260,rameshki,57.3439,36.0453,2.12,93,96,8.21,RU,1612551688
261,acari,-15.4311,-74.6158,82.18,47,12,12.3,PE,1612551805
262,rochester,43.1548,-77.6156,37.0,64,75,20.71,US,1612551778
263,hithadhoo,-0.6,73.0833,82.69,77,100,12.91,MV,1612551896
264,lavumisa,-27.31,31.892,73.04,93,62,2.04,SZ,1612551896
265,hirara,24.8,125.2833,69.3,60,89,7.05,JP,1612551844
266,kruisfontein,-34.0033,24.7314,73.0,79,53,4.0,ZA,1612551658
267,mana,5.6592,-53.7767,80.2,77,31,13.73,GF,1612551896
268,aklavik,68.2191,-135.0107,-34.6,67,20,4.61,CA,1612551896
269,novonukutskiy,53.7002,102.7117,-3.82,90,11,2.17,RU,1612551897
270,namibe,-15.1961,12.1522,72.48,77,73,6.85,AO,1612551833
271,newcastle,-32.9272,151.7765,73.0,78,100,8.05,AU,1612551897
272,handia,25.3833,82.1833,60.8,82,75,3.44,IN,1612551738
273,pozhva,59.0912,56.0847,36.09,98,100,13.4,RU,1612551897
274,agropoli,40.3469,14.9966,62.01,65,32,3.0,IT,1612551851
275,vieques,18.425,-65.8329,84.2,65,40,19.57,PR,1612551897
276,portland,45.5234,-122.6762,48.2,87,75,11.5,US,1612551745
277,coihaique,-45.5752,-72.0662,84.2,34,0,6.91,CL,1612551898
278,soyo,-6.1349,12.3689,79.99,85,100,7.83,AO,1612551898
279,amboasary,-25.0333,46.3833,82.4,74,40,11.5,MG,1612551898
280,sivakasi,9.45,77.8167,73.56,75,0,3.18,IN,1612551898
281,izhmorskiy,56.194,86.6414,10.04,95,100,6.22,RU,1612551898
282,souillac,-20.5167,57.5167,80.6,78,40,9.22,MU,1612551898
283,salalah,17.0151,54.0924,75.2,64,40,8.05,OM,1612551665
284,kyabe,9.4515,18.9449,82.29,16,38,5.82,TD,1612551898
285,kaseda,31.4167,130.3167,48.2,87,90,2.3,JP,1612551899
286,mazyr,52.0495,29.2456,16.79,95,0,9.1,BY,1612551899
287,lompoc,34.6391,-120.4579,63.0,47,1,3.44,US,1612551839
288,bima,-8.4667,118.7167,76.73,88,100,2.91,ID,1612551899
289,zhigansk,66.7697,123.3711,-41.55,75,67,3.67,RU,1612551899
290,sinnamary,5.3833,-52.95,78.84,83,72,13.87,GF,1612551671
291,porto novo,6.4965,2.6036,86.0,79,20,12.66,BJ,1612551899
292,sovetskiy,61.3614,63.5842,14.9,97,100,4.12,RU,1612551899
293,catamarca,-28.4696,-65.7852,75.99,62,12,4.0,AR,1612551747
294,severo-kurilsk,50.6789,156.125,11.59,84,49,7.94,RU,1612551707
295,solnechnyy,50.7214,136.6319,-16.8,85,67,1.99,RU,1612551900
296,hamilton,39.1834,-84.5333,35.01,51,75,20.71,US,1612551600
297,wisconsin rapids,44.3836,-89.8174,10.99,72,90,14.97,US,1612551900
298,abha,18.2164,42.5053,59.0,58,20,9.22,SA,1612551900
299,srandakan,-7.9386,110.2506,76.37,87,76,3.8,ID,1612551900
300,mumford,5.2618,-0.759,81.01,85,0,14.85,GH,1612551900
301,matara,5.9485,80.5353,75.43,83,94,7.34,LK,1612551900
302,takoma park,38.9779,-77.0075,55.0,35,40,4.61,US,1612551746
303,aanekoski,62.6946,25.818,7.0,78,90,9.22,FI,1612551901
304,pangody,65.85,74.4859,-18.11,87,100,5.32,RU,1612551901
305,burnie,-41.0667,145.9167,62.01,98,100,9.42,AU,1612551901
306,rio grande,-32.035,-52.0986,77.0,50,75,16.11,BR,1612551743
307,jiayuguan,39.8167,98.3,28.33,70,88,0.6,CN,1612551903
308,mar del plata,-38.0023,-57.5575,75.2,46,0,6.91,AR,1612551639
309,outjo,-20.1167,16.15,80.19,38,96,14.45,NA,1612551856
310,hambantota,6.1241,81.1185,77.0,94,20,8.05,LK,1612551627
311,guaruja,-23.9931,-46.2564,75.2,94,90,2.3,BR,1612551903
312,changji,44.0167,87.3167,10.4,92,0,1.86,CN,1612551903
313,gushikawa,26.3544,127.8686,62.6,82,1,3.44,JP,1612551680
314,pijijiapan,15.7011,-93.23,88.72,40,0,9.55,MX,1612551628
315,vostok,46.4856,135.8833,0.34,94,100,2.55,RU,1612551904
316,kununurra,-15.7667,128.7333,77.0,100,90,4.61,AU,1612551730
317,bethel,41.3712,-73.414,39.0,81,90,6.91,US,1612551635
318,khargone,21.8167,75.6,65.88,31,0,3.74,IN,1612551904
319,luancheng,37.8792,114.6517,42.8,28,0,6.71,CN,1612551904
320,yinchuan,38.4681,106.2731,34.0,68,1,6.6,CN,1612551905
321,saint-leu,-21.15,55.2833,78.01,55,43,2.84,RE,1612551905
322,flin flon,54.7682,-101.865,-18.4,63,20,13.8,CA,1612551905
323,bandundu,-3.3167,17.3667,79.84,68,100,2.89,CD,1612551905
324,broome,42.2506,-75.833,42.01,52,90,16.11,US,1612551905
325,cockburn town,21.4612,-71.1419,77.0,80,0,18.37,TC,1612551657
326,batagay,67.6333,134.6333,-37.05,80,95,1.97,RU,1612551906
327,geraldton,-28.7667,114.6,62.6,94,40,11.5,AU,1612551906
328,isangel,-19.55,169.2667,75.2,94,20,1.25,VU,1612551906
329,miracema do tocantins,-9.5618,-48.3967,84.31,77,100,3.58,BR,1612551907
330,aranos,-24.1333,19.1167,84.29,35,58,10.65,NA,1612551907
331,naze,28.3667,129.4833,60.67,76,50,11.79,JP,1612551705
332,samarai,-10.6167,150.6667,81.25,78,22,3.8,PG,1612551907
333,gat,31.61,34.7642,62.01,100,47,7.99,IL,1612551907
334,san policarpo,12.1791,125.5072,80.15,84,69,12.12,PH,1612551907
335,greenville,35.6127,-77.3663,48.99,93,90,5.75,US,1612551699
336,dublin,37.7021,-121.9358,60.01,36,1,0.96,US,1612551904
337,carutapera,-1.195,-46.02,84.87,59,35,9.73,BR,1612551842
338,sungaipenuh,-2.0833,101.3833,64.06,94,83,3.51,ID,1612551908
339,karatuzskoye,53.6072,92.8667,8.17,93,100,3.24,RU,1612551908
340,barcelona,41.3888,2.159,57.2,88,20,10.36,ES,1612551719
341,trairi,-3.2778,-39.2689,84.25,62,0,12.44,BR,1612551908
342,aksarka,66.5606,67.7975,-19.95,87,100,11.45,RU,1612551646
343,maradi,13.5,7.1017,78.8,15,0,4.61,NE,1612551909
344,zanjan,36.6736,48.4787,40.44,85,100,10.02,IR,1612551909
345,luba,3.4568,8.5547,84.2,79,20,4.61,GQ,1612551909
346,college,64.8569,-147.8028,-18.4,63,40,8.05,US,1612551909
347,vao,-22.6667,167.4833,77.54,86,0,14.16,NC,1612551620
348,meulaboh,4.1363,96.1285,76.82,87,0,4.32,ID,1612551909
349,nanortalik,60.1432,-45.2371,21.04,76,0,2.28,GL,1612551910
350,kaoma,-14.7833,24.8,68.79,87,100,1.21,ZM,1612551731
351,gravdal,68.1214,13.5031,26.6,93,40,4.61,NO,1612551789
352,loveland,40.3978,-105.075,43.0,28,1,10.36,US,1612551795
353,tuatapere,-46.1333,167.6833,54.7,89,56,2.17,NZ,1612551802
354,winnemucca,40.973,-117.7357,46.4,31,90,9.22,US,1612551910
355,dongsheng,39.8161,109.9776,25.38,80,0,11.39,CN,1612551687
356,santa isabel do rio negro,-0.4139,-65.0192,83.77,84,99,3.58,BR,1612551910
357,anadyr,64.75,177.4833,-2.2,78,0,20.13,RU,1612551813
358,payakumbuh,-0.2202,100.6308,69.03,89,100,0.65,ID,1612551911
359,marrakesh,31.6315,-8.0083,57.2,54,40,12.66,MA,1612551687
360,buritis,-15.6178,-46.4233,86.92,57,76,5.84,BR,1612551802
361,amarante do maranhao,-5.5667,-46.7422,81.3,86,97,4.09,BR,1612551911
362,rockhampton,-23.3833,150.5,71.6,83,10,1.16,AU,1612551911
363,new plymouth,-39.0667,174.0833,57.99,65,59,10.0,NZ,1612551911
364,san jeronimo,-11.9472,-75.2829,61.27,54,100,5.77,PE,1612551911
365,shetpe,44.1667,52.1167,41.49,91,100,13.98,KZ,1612551912
366,kalmunai,7.4167,81.8167,75.87,87,97,8.55,LK,1612551854
367,kavieng,-2.5744,150.7967,80.58,79,100,11.5,PG,1612551664
368,rondonopolis,-16.4708,-54.6356,86.52,68,96,8.19,BR,1612551653
369,grand-lahou,5.1367,-5.0242,80.08,85,17,9.19,CI,1612551912
370,camapua,-19.5314,-54.0439,82.56,64,71,8.79,BR,1612551912
371,lubao,14.9167,120.55,77.0,73,75,2.3,PH,1612551912
372,kuching,1.55,110.3333,77.0,94,40,2.3,MY,1612551912
373,chagoda,59.164,35.3285,5.54,93,100,8.57,RU,1612551912
374,katsuura,35.1333,140.3,43.0,81,75,6.91,JP,1612551640
375,yakeshi,49.2833,120.7333,-14.53,88,0,1.99,CN,1612551913
376,cabadiangan,9.7531,122.4739,76.23,84,52,6.96,PH,1612551913
377,araouane,18.9048,-3.5265,82.13,14,100,5.17,ML,1612551913
378,ipixuna,-1.7625,-48.8043,86.0,70,75,14.97,BR,1612551913
379,springfield,37.2153,-93.2982,48.0,42,40,11.5,US,1612551639
380,dwarka,22.2394,68.9678,70.59,42,0,14.27,IN,1612551913
381,santa rosa,14.3122,121.1114,79.0,78,75,9.84,PH,1612551914
382,rudsar,37.1376,50.288,73.4,72,75,2.3,IR,1612551914
383,zamora,-4.0692,-78.9567,89.6,33,40,17.27,EC,1612551914
384,young,-32.6833,-57.6333,84.0,43,0,4.0,UY,1612551914
385,guirang,11.35,125.1167,75.0,89,100,4.9,PH,1612551914
386,sangolqui,-0.3341,-78.4522,66.2,59,75,13.8,EC,1612551914
387,rock sound,24.9,-76.2,73.54,75,36,14.29,BS,1612551914
388,evensk,61.95,159.2333,1.53,92,100,16.22,RU,1612551914
389,havelock,34.8791,-76.9013,57.2,62,90,10.36,US,1612551914
390,tete,-16.1564,33.5867,87.01,65,40,8.05,MZ,1612551672
391,jacareacanga,-6.2222,-57.7528,82.4,83,90,2.3,BR,1612551836
392,synya,65.3718,58.0387,-6.36,91,92,5.53,RU,1612551915
393,masuguru,-11.3667,38.4167,75.97,90,100,2.84,TZ,1612551915
394,waddan,29.1614,16.139,66.85,26,100,7.23,LY,1612551915
395,shihezi,44.3,86.0333,13.39,94,25,2.01,CN,1612551915
396,mudgee,-32.5943,149.5871,69.01,100,90,5.75,AU,1612551915
397,namatanai,-3.6667,152.4333,78.33,87,99,11.9,PG,1612551915
398,paita,-5.0892,-81.1144,80.6,61,75,12.66,PE,1612551916
399,viedma,-40.8135,-62.9967,102.99,18,0,3.0,AR,1612551916
400,la queue-en-brie,48.7852,2.5811,50.0,81,0,3.44,FR,1612551916
401,padang,-0.9492,100.3543,75.2,94,40,2.3,ID,1612551700
402,balikpapan,-1.2675,116.8289,75.67,92,100,4.21,ID,1612551907
403,fort frances,48.5999,-93.4003,1.4,66,90,16.11,CA,1612551871
404,chupa,66.27,33.0549,9.3,96,100,4.99,RU,1612551916
405,zhigalovo,54.8097,105.1578,2.14,91,100,3.36,RU,1612551917
406,lucapa,-8.4192,20.7447,69.1,88,0,2.35,AO,1612551917
407,mount isa,-20.7333,139.5,84.2,61,75,2.3,AU,1612551641
408,wenzhou,27.9994,120.6668,59.0,91,5,2.68,CN,1612551917
409,comodoro rivadavia,-45.8667,-67.5,66.2,52,0,12.66,AR,1612551917
410,oriximina,-1.7656,-55.8661,94.82,40,11,4.43,BR,1612551879
411,qui nhon,13.7667,109.2333,70.2,86,100,8.28,VN,1612551917
412,covington,39.0837,-84.5086,35.01,55,90,16.11,US,1612551917
413,gorontalo,0.5412,123.0595,75.13,89,100,3.76,ID,1612551917
414,urusha,54.05,122.9,-16.67,84,89,4.27,RU,1612551917
415,rocha,-34.4833,-54.3333,69.26,63,6,13.67,UY,1612551848
416,tautira,-17.7333,-149.15,82.0,65,55,1.99,PF,1612551918
417,clarksville,36.5298,-87.3595,44.6,52,1,10.36,US,1612551670
418,carauari,-4.8828,-66.8958,81.12,91,100,4.25,BR,1612551918
419,notse,6.95,1.1667,87.73,56,67,10.69,TG,1612551918
420,paracelis,17.2667,121.4667,66.42,90,31,1.92,PH,1612551918
421,nioro,13.35,-15.75,85.51,15,100,6.71,GM,1612551918
422,alice springs,-23.7,133.8833,71.6,53,75,5.75,AU,1612551821
423,calabozo,8.9242,-67.4293,96.71,31,100,9.53,VE,1612551918
424,dandong,40.1292,124.3947,27.46,97,100,2.06,CN,1612551919
425,umm kaddadah,13.6017,26.6876,64.6,26,0,17.72,SD,1612551919
426,mount gambier,-37.8333,140.7667,53.6,100,75,6.91,AU,1612551919
427,ulladulla,-35.35,150.4667,72.0,100,75,8.05,AU,1612551739
428,klaksvik,62.2266,-6.589,32.0,69,20,8.05,FO,1612551800
429,jumla,29.2747,82.1838,26.24,86,100,4.59,NP,1612551674
430,akcakoca,41.0866,31.1162,51.84,68,91,2.57,TR,1612551919
431,guerrero negro,27.9769,-114.0611,67.71,44,0,10.18,MX,1612551919
432,porbandar,21.6422,69.6093,68.11,37,0,15.03,IN,1612551664
433,port hawkesbury,45.6169,-61.3485,37.0,93,90,9.22,CA,1612551919
434,longyearbyen,78.2186,15.6401,19.4,86,75,2.3,SJ,1612551707
435,tukrah,32.5341,20.5791,57.79,77,0,2.82,LY,1612551920
436,atasu,48.6814,71.6433,27.37,97,94,7.07,KZ,1612551920
437,nicoya,10.1483,-85.452,91.4,43,0,11.5,CR,1612551920
438,huarmey,-10.0681,-78.1522,76.14,62,81,11.9,PE,1612551920
439,tumbagaan,5.3656,120.3139,78.17,83,100,7.09,PH,1612551920
440,hare bay,48.8499,-54.0148,39.2,100,100,4.61,CA,1612551921
441,terrace,54.5163,-128.6035,33.8,93,90,8.05,CA,1612551921
442,joensuu,62.6012,29.7632,9.0,85,75,4.61,FI,1612551921
443,elizabeth city,36.2946,-76.2511,48.99,93,90,12.66,US,1612551921
444,hervey bay,-25.2986,152.8535,70.0,87,31,3.0,AU,1612551921
445,beringovskiy,63.05,179.3167,-7.44,89,100,11.5,RU,1612551921
446,tura,25.5198,90.2201,62.67,44,0,3.33,IN,1612551921
447,bonfim,3.0833,-59.95,89.04,48,71,12.95,BR,1612551921
448,mungaa,-4.9667,34.8833,63.07,83,18,2.66,TZ,1612551922
449,ostrovnoy,68.0531,39.5131,11.73,92,100,12.73,RU,1612551879
450,kadur,13.5533,76.0131,67.05,61,0,1.74,IN,1612551922
451,sun prairie,43.1836,-89.2137,12.99,72,75,9.22,US,1612551922
452,mecca,21.4267,39.8261,64.62,56,21,5.84,SA,1612551718
453,mao,39.8885,4.2658,59.0,77,0,12.66,ES,1612551922
454,mareeba,-17.0,145.4333,79.0,100,90,2.06,AU,1612551922
455,shitanjing,39.2342,106.3439,32.38,70,0,16.51,CN,1612551910
456,kathu,7.9178,98.3332,80.6,69,20,8.05,TH,1612551922
457,maues,-3.3836,-57.7186,93.56,47,8,5.26,BR,1612551923
458,verkhniy avzyan,53.5289,57.5372,33.04,94,100,5.39,RU,1612551923
459,labrea,-7.2586,-64.7981,77.54,95,100,1.88,BR,1612551923
460,birjand,32.8663,59.2211,42.8,16,0,6.91,IR,1612551834
461,mionica,44.8672,18.4631,50.0,93,72,1.14,BA,1612551923
462,salamiyah,35.0113,37.0532,50.47,84,0,3.96,SY,1612551923
463,tateyama,34.9833,139.8667,43.0,81,75,6.91,JP,1612551724
464,san quintin,30.4833,-115.95,61.0,62,0,7.0,MX,1612551923
465,pokhara,28.2333,83.9833,49.33,50,98,6.4,NP,1612551924
466,awjilah,29.1081,21.2869,57.88,52,0,4.7,LY,1612551924
467,puerto colombia,10.9878,-74.9547,87.8,62,20,10.36,CO,1612551924
468,fairbanks,64.8378,-147.7164,-18.4,63,40,8.05,US,1612551877
469,woippy,49.1495,6.1491,48.0,93,90,6.91,FR,1612551924
470,roebourne,-20.7833,117.1333,80.19,78,0,7.16,AU,1612551924
471,maan,5.9339,124.7356,78.22,71,100,3.29,PH,1612551925
472,nador,35.174,-2.9287,60.8,77,0,13.8,MA,1612551925
473,mogadishu,2.0371,45.3438,77.11,80,0,20.15,SO,1612551682
474,saint-junien,45.8833,0.9,48.99,93,0,4.61,FR,1612551722
475,donghai,22.9459,115.642,58.89,79,0,1.97,CN,1612551925
476,birao,10.2849,22.7882,78.98,17,74,10.49,CF,1612551925
477,egvekinot,66.3167,-179.1667,-12.35,92,100,18.81,RU,1612551925
478,kondinskoye,59.6481,67.41,26.55,98,100,9.89,RU,1612551926
479,general pico,-35.6566,-63.7568,94.69,12,0,7.05,AR,1612551926
480,normandin,48.8333,-72.5321,15.8,79,100,2.3,CA,1612551878
481,mujiayingzi,42.1167,118.7833,20.16,92,0,7.09,CN,1612551926
482,camp diable,-20.4628,57.5789,80.6,78,40,9.22,MU,1612551926
483,homer,59.6425,-151.5483,19.99,92,75,3.13,US,1612551926
484,semnan,35.5729,53.3971,52.5,51,100,3.2,IR,1612551926
485,da nang,16.0678,108.2208,66.2,94,20,0.87,VN,1612551927
486,serbanesti,44.3333,24.7,42.8,87,0,8.05,RO,1612551927
487,neyshabur,36.2133,58.7958,49.73,42,84,1.43,IR,1612551711
488,karcag,47.3167,20.9333,42.8,100,75,5.75,HU,1612551927
489,ascension,30.2169,-90.9001,48.2,71,90,9.22,US,1612551927
490,sitka,57.0531,-135.33,35.6,93,90,4.61,US,1612551927
491,barnstaple,51.0802,-4.0581,42.01,90,12,1.99,GB,1612551927
492,banyumas,-7.5142,109.2942,75.81,88,99,2.44,ID,1612551928
493,solikamsk,59.6196,56.7729,35.94,99,100,10.89,RU,1612551928
494,bubaque,11.2833,-15.8333,77.94,68,75,20.56,GW,1612551928
495,vysokogornyy,50.1167,139.15,-20.34,85,95,1.57,RU,1612551664
496,camacha,33.0833,-16.3333,57.2,62,40,20.71,PT,1612551801
497,sant feliu de guixols,41.7833,3.0333,55.99,24,100,3.8,ES,1612551928
498,muisne,0.6,-80.0333,80.6,94,75,6.91,EC,1612551928
499,vardo,70.3705,31.1107,26.6,93,75,12.66,NO,1612551649
500,puksoozero,62.5903,40.6066,-3.42,91,100,10.16,RU,1612551929
501,shatsk,54.0258,41.7119,8.64,94,100,13.58,RU,1612551929
502,boca do acre,-8.7522,-67.3978,74.61,97,100,3.22,BR,1612551929
503,cortez,37.3489,-108.5859,39.2,35,1,4.61,US,1612551929
504,santa helena de goias,-17.8136,-50.5969,83.57,71,100,6.17,BR,1612551723
505,ouadda,8.0777,22.4007,75.07,22,30,6.71,CF,1612551691
506,tamandare,-8.7597,-35.1047,82.83,64,0,12.15,BR,1612551929
507,santa luzia,-19.7697,-43.8514,73.4,94,75,4.61,BR,1612551929
508,kalispell,48.1958,-114.3129,35.01,86,90,5.75,US,1612551733
509,carupano,10.6678,-63.2585,81.5,64,31,14.54,VE,1612551929
510,mukhen,48.1,136.1,0.91,93,100,1.77,RU,1612551930
511,vaitape,-16.5167,-151.75,81.23,66,6,6.33,PF,1612551872
512,atambua,-9.1061,124.8925,74.66,91,100,5.08,ID,1612551676
513,imeni poliny osipenko,52.4201,136.4853,-17.16,88,100,2.73,RU,1612551930
514,taltal,-25.4,-70.4833,70.12,61,22,7.27,CL,1612551671
515,montague,42.5356,-72.5351,37.0,87,100,1.99,US,1612551714
516,muzhi,65.3667,64.6667,-13.45,89,100,11.95,RU,1612551930
517,parintins,-2.6283,-56.7358,94.55,41,5,5.48,BR,1612551931
518,shimoda,34.6667,138.95,45.0,55,57,3.0,JP,1612551931
519,xinqing,48.2333,129.5,-15.5,87,47,2.44,CN,1612551931
520,maceio,-9.6658,-35.7353,86.0,62,0,17.27,BR,1612551931
521,marzuq,14.4,46.4667,58.17,66,0,6.85,YE,1612551931
522,simbahan,6.3032,120.5836,80.53,81,100,8.19,PH,1612551931
523,kemise,10.7167,39.8667,68.36,24,69,2.91,ET,1612551932
524,gerash,27.6652,54.1371,53.6,30,0,2.68,IR,1612551932
525,ribeira grande,38.5167,-28.7,59.0,72,75,16.11,PT,1612551667
526,koumac,-20.5667,164.2833,76.57,79,1,2.28,NC,1612551932
527,kamenka,51.3223,42.7678,17.01,86,100,14.0,RU,1612551932
528,itacare,-14.2775,-38.9967,86.0,74,20,11.5,BR,1612551932
529,trinidad,-14.8333,-64.9,87.8,58,40,13.8,BO,1612551932
530,erzin,36.9559,36.2,62.01,79,0,1.23,TR,1612551932
531,westport,41.1415,-73.3579,43.0,75,90,4.61,US,1612551933
532,san andres,12.5847,-81.7006,84.2,74,20,10.36,CO,1612551933
533,athabasca,54.7169,-113.2854,-11.2,76,100,4.61,CA,1612551933
534,chirongui,-12.9319,45.1483,82.4,78,0,5.75,YT,1612551933
535,sivas,39.7916,37.0019,28.4,80,0,5.75,TR,1612551933
536,chinsali,-10.5414,32.0816,65.05,97,100,4.38,ZM,1612551933
537,poum,-20.2333,164.0167,79.23,77,0,7.29,NC,1612551933
538,shonguy,68.7526,33.146,14.0,92,40,3.58,RU,1612551933
539,phuket,8.0,98.25,80.6,69,20,8.05,TH,1612551934
540,mitchell,43.7094,-98.0298,17.6,57,20,13.8,US,1612551786
541,mokhsogollokh,61.4681,128.9203,-38.09,80,95,3.85,RU,1612551934
542,panguna,-6.3164,155.4848,69.48,100,18,2.28,PG,1612551934
543,nagato,34.3833,131.2,46.4,87,90,4.61,JP,1612551800
544,republic,37.12,-93.4802,48.0,42,40,11.5,US,1612551934
545,wenling,28.3669,121.36,59.0,93,71,6.87,CN,1612551701
546,lahaina,20.8783,-156.6825,69.8,73,20,11.5,US,1612551934
547,ilinskiy,55.619,38.1182,14.0,67,75,17.9,RU,1612551934
548,svetlaya,46.5389,138.3297,8.11,87,50,5.59,RU,1612551828
549,tongchuan,35.0806,109.0897,41.45,51,0,6.78,CN,1612551935
550,dakoro,14.5106,6.765,75.18,17,0,11.83,NE,1612551935
551,beyneu,45.3167,55.2,46.53,60,72,10.45,KZ,1612551935
552,nishihara,26.1842,127.7558,62.6,72,20,4.61,JP,1612551935
553,komsomolskiy,40.4272,71.7189,42.8,36,100,6.91,UZ,1612551740
554,port keats,-14.25,129.55,81.18,83,100,10.94,AU,1612551935
555,rosario,-32.9468,-60.6393,90.0,37,0,8.05,AR,1612551823
556,kenai,60.5544,-151.2583,6.01,84,1,4.61,US,1612551688
557,kawalu,-7.3817,108.2082,72.3,90,74,3.2,ID,1612551936
558,whitehorse,60.7161,-135.0538,-8.0,76,20,3.44,CA,1612551936
559,pevek,69.7008,170.3133,-15.54,86,100,1.61,RU,1612551936
560,qianan,44.9932,124.0581,11.26,90,100,2.06,CN,1612551936
561,leshukonskoye,64.8989,45.7622,-11.4,88,100,9.78,RU,1612551936
562,half moon bay,37.4636,-122.4286,61.0,71,1,1.88,US,1612551912
563,king city,36.2127,-121.126,55.0,34,0,3.0,US,1612551936
564,bardiyah,31.7561,25.0865,59.47,88,0,11.48,LY,1612551936
565,vestmanna,62.1564,-7.1664,32.0,69,20,8.05,FO,1612551828
566,santa barbara,34.7333,-120.0343,64.0,54,1,3.11,US,1612551937
567,yumen,40.2833,97.2,30.97,74,100,21.65,CN,1612551937
568,filomeno mata,20.2,-97.7,82.4,65,1,6.91,MX,1612551937
569,tortoli,39.9256,9.6572,54.0,94,20,2.3,IT,1612551937
570,canutama,-6.5339,-64.3831,82.81,89,100,1.32,BR,1612551937
571,kasese,0.1833,30.0833,76.14,50,93,1.1,UG,1612551937
572,kastamonu,41.5,33.6667,38.32,85,0,0.38,TR,1612551722
573,quchan,37.106,58.5095,42.84,57,2,5.12,IR,1612551731
574,colesberg,-30.72,25.0972,74.07,54,0,19.44,ZA,1612551938
575,bocanda,7.0626,-4.4995,90.9,37,39,4.36,CI,1612551938
576,morondava,-20.2833,44.2833,82.87,82,100,10.38,MG,1612551684
577,port augusta,-32.5,137.7667,64.4,77,90,6.91,AU,1612551938
578,la crosse,43.8014,-91.2396,12.0,61,75,24.16,US,1612551938
579,dosso,13.049,3.1937,82.45,15,0,8.77,NE,1612551938
580,boa vista,2.8197,-60.6733,87.8,51,90,14.97,BR,1612551938
